{
	"class_name" : "PinholeCameraParameters",
	"extrinsic" : 
	[
		1.0,
		-0.0,
		-0.0,
		0.0,
		0.0,
		-1.0,
		-0.0,
		0.0,
		0.0,
		-0.0,
		-1.0,
		0.0,
		-0.077857345342636108,
		-0.14865741122048348,
		1.3211116408178678,
		1.0
	],
	"intrinsic" : 
	{
		"height" : 1025,
		"intrinsic_matrix" : 
		[
			887.67603887904966,
			0.0,
			0.0,
			0.0,
			887.67603887904966,
			0.0,
			926.0,
			512.0,
			1.0
		],
		"width" : 1853
	},
	"version_major" : 1,
	"version_minor" : 0
}